0,1,2,3,4,5,6,7,8
,,,,,,,,
New Jersey Nets,93,Detroit Pistons,110,Box Score,,,,
Chicago Bulls,91,Cleveland Cavaliers,88,Box Score,,,,
Golden State Warriors,83,Phoenix Suns,100,Box Score,,,,
Los Angeles Lakers,112,Milwaukee Bucks,117,Box Score,,,,
Kansas City Kings,113,New York Knicks,120,Box Score,,,,
Kansas City Kings,108,Buffalo Braves,112,Box Score,,,,
Milwaukee Bucks,115,Denver Nuggets,133,Box Score,,,,
Seattle SuperSonics,84,Golden State Warriors,116,Box Score,,,,
Chicago Bulls,107,Houston Rockets,103,Box Score,,,,
Los Angeles Lakers,133,Indiana Pacers,120,Box Score,,,,
Detroit Pistons,96,Philadelphia 76ers,113,Box Score,,,,
Boston Celtics,109,San Antonio Spurs,114,Box Score,,,,
Cleveland Cavaliers,107,New Orleans Jazz,104,Box Score,,,,
New Orleans Jazz,111,New Jersey Nets,103,Box Score,,,,
Detroit Pistons,109,Washington Bullets,117,Box Score,,,,
Portland Trail Blazers,106,Seattle SuperSonics,99,Box Score,,,,
Houston Rockets,94,Kansas City Kings,95,Box Score,,,,
San Antonio Spurs,117,Golden State Warriors,122,Box Score,,,,
Los Angeles Lakers,101,Denver Nuggets,106,Box Score,,,,
Indiana Pacers,119,Chicago Bulls,122,Box Score,,,,
Cleveland Cavaliers,101,Atlanta Hawks,107,Box Score,,,,
New Jersey Nets,96,Buffalo Braves,101,Box Score,,,,
Denver Nuggets,106,Detroit Pistons,126,Box Score,,,,
Boston Celtics,98,Houston Rockets,110,Box Score,,,,
Kansas City Kings,101,Indiana Pacers,106,Box Score,,,,
Chicago Bulls,95,Milwaukee Bucks,113,Box Score,,,,
Washington Bullets,115,New York Knicks,141,Box Score,,,,
New Orleans Jazz,104,Philadelphia 76ers,103,Box Score,OT,,,
San Antonio Spurs,115,Portland Trail Blazers,130,Box Score,,,,
Phoenix Suns,104,Los Angeles Lakers,101,Box Score,,,,
San Antonio Spurs,112,Seattle SuperSonics,94,Box Score,,,,
Boston Celtics,85,Detroit Pistons,100,Box Score,,,,
Golden State Warriors,105,Chicago Bulls,98,Box Score,,,,
Denver Nuggets,104,Indiana Pacers,129,Box Score,,,,
San Antonio Spurs,107,Los Angeles Lakers,109,Box Score,,,,
Cleveland Cavaliers,117,New York Knicks,112,Box Score,OT,,,
Kansas City Kings,104,Philadelphia 76ers,112,Box Score,,,,
Seattle SuperSonics,86,Phoenix Suns,93,Box Score,,,,
Buffalo Braves,85,Portland Trail Blazers,107,Box Score,,,,
Atlanta Hawks,103,Boston Celtics,110,Box Score,,,,"at Hartford, CT"
Golden State Warriors,107,Detroit Pistons,123,Box Score,,,,
Buffalo Braves,92,Seattle SuperSonics,97,Box Score,,,,
New York Knicks,106,New Orleans Jazz,123,Box Score,,,,
Atlanta Hawks,113,New Jersey Nets,110,Box Score,OT,,,
Portland Trail Blazers,108,Denver Nuggets,111,Box Score,,,,
Kansas City Kings,119,Cleveland Cavaliers,104,Box Score,,,,
Milwaukee Bucks,110,Houston Rockets,133,Box Score,,,,
Los Angeles Lakers,95,Atlanta Hawks,102,Box Score,,,,
Philadelphia 76ers,94,Portland Trail Blazers,98,Box Score,,,,
Phoenix Suns,107,New Orleans Jazz,114,Box Score,,,,
Boston Celtics,109,New Jersey Nets,116,Box Score,,,,
Washington Bullets,127,Indiana Pacers,136,Box Score,,,,
Buffalo Braves,97,Golden State Warriors,104,Box Score,,,,
Seattle SuperSonics,97,Chicago Bulls,101,Box Score,,,,
Boston Celtics,98,Cleveland Cavaliers,103,Box Score,,,,
Buffalo Braves,111,Denver Nuggets,127,Box Score,,,,
Philadelphia 76ers,110,Golden State Warriors,113,Box Score,,,,
Phoenix Suns,112,Houston Rockets,125,Box Score,,,,
Washington Bullets,106,Kansas City Kings,120,Box Score,,,,
Detroit Pistons,117,New York Knicks,124,Box Score,,,,
Los Angeles Lakers,118,San Antonio Spurs,129,Box Score,,,,
Seattle SuperSonics,95,Milwaukee Bucks,108,Box Score,,,,
San Antonio Spurs,145,Phoenix Suns,143,Box Score,,,,
0,1,2,3,4,5,6,7,8
,,,,,,,,
Seattle SuperSonics,99,Atlanta Hawks,102,Box Score,,,,
Denver Nuggets,93,Cleveland Cavaliers,110,Box Score,,,,
Kansas City Kings,95,Milwaukee Bucks,115,Box Score,,,,
Chicago Bulls,88,New Orleans Jazz,99,Box Score,,,,
New York Knicks,104,Portland Trail Blazers,113,Box Score,,,,
Golden State Warriors,108,San Antonio Spurs,97,Box Score,,,,
Cleveland Cavaliers,104,Boston Celtics,101,Box Score,,,,
Denver Nuggets,100,Buffalo Braves,104,Box Score,,,,
Atlanta Hawks,102,Detroit Pistons,89,Box Score,,,,
Seattle SuperSonics,106,Indiana Pacers,104,Box Score,OT,,,
New Orleans Jazz,102,Kansas City Kings,104,Box Score,,,,
Los Angeles Lakers,107,New Jersey Nets,102,Box Score,,,,
Chicago Bulls,103,Philadelphia 76ers,102,Box Score,,,,
Milwaukee Bucks,91,Cleveland Cavaliers,100,Box Score,,,,
Golden State Warriors,111,Houston Rockets,113,Box Score,OT,,,
Phoenix Suns,110,San Antonio Spurs,89,Box Score,,,,
Denver Nuggets,109,Boston Celtics,107,Box Score,,,,
Buffalo Braves,100,Chicago Bulls,92,Box Score,,,,
Atlanta Hawks,111,Kansas City Kings,110,Box Score,,,,
Indiana Pacers,99,Los Angeles Lakers,111,Box Score,,,,
Houston Rockets,108,Milwaukee Bucks,110,Box Score,,,,
Philadelphia 76ers,107,New Jersey Nets,104,Box Score,,,,
Golden State Warriors,102,New Orleans Jazz,105,Box Score,,,,
New York Knicks,95,Seattle SuperSonics,92,Box Score,,,,
Phoenix Suns,96,Washington Bullets,113,Box Score,,,,
Golden State Warriors,94,Atlanta Hawks,100,Box Score,,,,
San Antonio Spurs,111,Buffalo Braves,101,Box Score,,,,
Phoenix Suns,94,Chicago Bulls,111,Box Score,,,,
New Jersey Nets,93,Cleveland Cavaliers,105,Box Score,,,,
Washington Bullets,105,Houston Rockets,116,Box Score,,,,
Denver Nuggets,101,Philadelphia 76ers,132,Box Score,,,,
Seattle SuperSonics,94,Portland Trail Blazers,116,Box Score,,,,
New York Knicks,106,Los Angeles Lakers,102,Box Score,,,,
Washington Bullets,108,New Orleans Jazz,97,Box Score,,,,
Indiana Pacers,106,Portland Trail Blazers,108,Box Score,,,,
Kansas City Kings,99,Seattle SuperSonics,83,Box Score,,,,
Houston Rockets,104,Chicago Bulls,117,Box Score,,,,
Denver Nuggets,111,Milwaukee Bucks,101,Box Score,,,,
San Antonio Spurs,117,New York Knicks,123,Box Score,,,,
Kansas City Kings,104,Portland Trail Blazers,130,Box Score,,,,
San Antonio Spurs,129,Boston Celtics,114,Box Score,,,,
New York Knicks,113,Buffalo Braves,124,Box Score,,,,
New Orleans Jazz,112,Denver Nuggets,115,Box Score,,,,
Houston Rockets,107,Detroit Pistons,127,Box Score,,,,
Indiana Pacers,129,Golden State Warriors,132,Box Score,,,,
New Jersey Nets,107,Philadelphia 76ers,130,Box Score,,,,
Atlanta Hawks,132,Houston Rockets,101,Box Score,,,,
New Orleans Jazz,111,Phoenix Suns,127,Box Score,,,,
Milwaukee Bucks,106,Washington Bullets,103,Box Score,,,,
Portland Trail Blazers,132,Atlanta Hawks,92,Box Score,,,,
Buffalo Braves,103,Boston Celtics,109,Box Score,,,,
San Antonio Spurs,107,Detroit Pistons,104,Box Score,,,,
Kansas City Kings,106,Golden State Warriors,105,Box Score,,,,
New Orleans Jazz,107,Los Angeles Lakers,123,Box Score,,,,
Cleveland Cavaliers,88,Milwaukee Bucks,82,Box Score,,,,
Chicago Bulls,89,New Jersey Nets,91,Box Score,,,,
New York Knicks,119,Philadelphia 76ers,127,Box Score,,,,
Indiana Pacers,111,Seattle SuperSonics,117,Box Score,,,,
Chicago Bulls,103,Buffalo Braves,106,Box Score,,,,
Kansas City Kings,114,Denver Nuggets,119,Box Score,,,,
Portland Trail Blazers,102,Houston Rockets,104,Box Score,,,,
New Jersey Nets,90,New York Knicks,101,Box Score,,,,
Atlanta Hawks,99,San Antonio Spurs,116,Box Score,,,,
Philadelphia 76ers,98,Washington Bullets,116,Box Score,,,,
Washington Bullets,102,Detroit Pistons,104,Box Score,,,,
Golden State Warriors,95,Los Angeles Lakers,97,Box Score,,,,
Boston Celtics,127,Milwaukee Bucks,119,Box Score,OT,,,
Indiana Pacers,107,Phoenix Suns,116,Box Score,,,,
New Orleans Jazz,83,Seattle SuperSonics,117,Box Score,,,,
Philadelphia 76ers,114,Atlanta Hawks,93,Box Score,,,,
Indiana Pacers,100,Buffalo Braves,94,Box Score,,,,
Detroit Pistons,113,Denver Nuggets,123,Box Score,,,,
Cleveland Cavaliers,102,Los Angeles Lakers,95,Box Score,OT,,,
Portland Trail Blazers,109,Milwaukee Bucks,106,Box Score,,,,
New Orleans Jazz,105,New York Knicks,108,Box Score,,,,
Kansas City Kings,107,San Antonio Spurs,113,Box Score,,,,
Seattle SuperSonics,109,Washington Bullets,111,Box Score,,,,
Atlanta Hawks,105,Boston Celtics,131,Box Score,,,,
Buffalo Braves,101,Houston Rockets,97,Box Score,,,,
Portland Trail Blazers,104,Indiana Pacers,111,Box Score,,,,
Milwaukee Bucks,116,New Jersey Nets,106,Box Score,,,,
Seattle SuperSonics,96,Philadelphia 76ers,101,Box Score,,,,
Seattle SuperSonics,116,New Orleans Jazz,127,Box Score,,,,
Buffalo Braves,108,San Antonio Spurs,111,Box Score,,,,
Philadelphia 76ers,121,Boston Celtics,112,Box Score,,,,
San Antonio Spurs,94,Denver Nuggets,105,Box Score,,,,
Cleveland Cavaliers,104,Golden State Warriors,108,Box Score,,,,
Detroit Pistons,83,Los Angeles Lakers,116,Box Score,,,,
Indiana Pacers,124,New Jersey Nets,116,Box Score,,,,
Chicago Bulls,101,Phoenix Suns,103,Box Score,,,,
New York Knicks,103,Washington Bullets,123,Box Score,,,,
New Jersey Nets,114,Atlanta Hawks,129,Box Score,,,,
Boston Celtics,98,Buffalo Braves,102,Box Score,,,,
Detroit Pistons,96,Golden State Warriors,128,Box Score,,,,
New Orleans Jazz,103,Houston Rockets,101,Box Score,,,,
Washington Bullets,131,Kansas City Kings,125,Box Score,OT,,,
Indiana Pacers,127,New York Knicks,129,Box Score,OT,,,
Milwaukee Bucks,100,Philadelphia 76ers,111,Box Score,,,,
Cleveland Cavaliers,67,Portland Trail Blazers,109,Box Score,,,,
Chicago Bulls,102,Los Angeles Lakers,80,Box Score,,,,
Denver Nuggets,125,New Jersey Nets,118,Box Score,,,,
San Antonio Spurs,112,Phoenix Suns,134,Box Score,,,,
Detroit Pistons,101,Portland Trail Blazers,118,Box Score,,,,
Cleveland Cavaliers,115,Seattle SuperSonics,108,Box Score,,,,
Washington Bullets,114,Buffalo Braves,97,Box Score,,,,
Golden State Warriors,88,Milwaukee Bucks,109,Box Score,,,,
Indiana Pacers,108,New Orleans Jazz,123,Box Score,,,,
Buffalo Braves,102,New York Knicks,101,Box Score,,,,
Houston Rockets,99,Philadelphia 76ers,105,Box Score,,,,
Los Angeles Lakers,107,Phoenix Suns,118,Box Score,,,,
Denver Nuggets,119,Washington Bullets,114,Box Score,,,,
Denver Nuggets,104,Atlanta Hawks,105,Box Score,,,,
Houston Rockets,100,Boston Celtics,109,Box Score,,,,
Philadelphia 76ers,106,Detroit Pistons,105,Box Score,,,,
Golden State Warriors,116,Indiana Pacers,126,Box Score,,,,
Milwaukee Bucks,122,Kansas City Kings,116,Box Score,,,,
Chicago Bulls,111,Portland Trail Blazers,116,Box Score,,,,
New Jersey Nets,119,San Antonio Spurs,132,Box Score,,,,
Los Angeles Lakers,89,Seattle SuperSonics,113,Box Score,,,,
Phoenix Suns,82,Cleveland Cavaliers,97,Box Score,,,,
Denver Nuggets,129,New Orleans Jazz,131,Box Score,,,,
Milwaukee Bucks,117,Atlanta Hawks,115,Box Score,,,,
New York Knicks,119,Boston Celtics,121,Box Score,OT,,,
Phoenix Suns,118,Indiana Pacers,110,Box Score,,,,
New Jersey Nets,117,Los Angeles Lakers,129,Box Score,,,,
Golden State Warriors,119,Philadelphia 76ers,125,Box Score,OT,,,
Chicago Bulls,106,Seattle SuperSonics,89,Box Score,,,,
Philadelphia 76ers,112,Buffalo Braves,107,Box Score,,,,
Indiana Pacers,123,Denver Nuggets,136,Box Score,,,,
Cleveland Cavaliers,105,Detroit Pistons,87,Box Score,,,,
Boston Celtics,108,Kansas City Kings,110,Box Score,,,,
Golden State Warriors,106,New York Knicks,112,Box Score,,,,
New Jersey Nets,102,Portland Trail Blazers,114,Box Score,,,,
Milwaukee Bucks,107,San Antonio Spurs,129,Box Score,,,,
Houston Rockets,91,Washington Bullets,93,Box Score,,,,
Portland Trail Blazers,100,Los Angeles Lakers,93,Box Score,,,,
Kansas City Kings,106,New Orleans Jazz,115,Box Score,,,,
Denver Nuggets,97,Phoenix Suns,115,Box Score,,,,
New Jersey Nets,99,Seattle SuperSonics,96,Box Score,,,,
Houston Rockets,86,New York Knicks,104,Box Score,,,,
Boston Celtics,101,Atlanta Hawks,108,Box Score,,,,
New Orleans Jazz,87,Chicago Bulls,95,Box Score,,,,
Los Angeles Lakers,101,Cleveland Cavaliers,118,Box Score,,,,
Seattle SuperSonics,99,Denver Nuggets,115,Box Score,,,,
New Jersey Nets,101,Golden State Warriors,110,Box Score,,,,
New York Knicks,103,Houston Rockets,120,Box Score,,,,
Detroit Pistons,100,Milwaukee Bucks,99,Box Score,,,,
Phoenix Suns,96,Portland Trail Blazers,108,Box Score,,,,
Philadelphia 76ers,129,San Antonio Spurs,117,Box Score,,,,
Chicago Bulls,92,Boston Celtics,98,Box Score,,,,
Atlanta Hawks,93,Buffalo Braves,105,Box Score,,,,
Los Angeles Lakers,98,Detroit Pistons,104,Box Score,,,,
Milwaukee Bucks,120,Indiana Pacers,113,Box Score,,,,
Seattle SuperSonics,86,Kansas City Kings,84,Box Score,,,,
Philadelphia 76ers,117,New Orleans Jazz,114,Box Score,,,,
San Antonio Spurs,105,Washington Bullets,116,Box Score,,,,
0,1,2,3,4,5,6,7,8
,,,,,,,,
Houston Rockets,105,Cleveland Cavaliers,92,Box Score,,,,
New York Knicks,116,San Antonio Spurs,120,Box Score,,,,
Seattle SuperSonics,111,Boston Celtics,89,Box Score,,,,
New Jersey Nets,92,Denver Nuggets,126,Box Score,,,,
Chicago Bulls,107,Indiana Pacers,102,Box Score,,,,
Detroit Pistons,97,Kansas City Kings,108,Box Score,,,,
Washington Bullets,108,Milwaukee Bucks,95,Box Score,,,,
Portland Trail Blazers,106,Phoenix Suns,103,Box Score,,,,
Seattle SuperSonics,102,Buffalo Braves,95,Box Score,,,,
Cleveland Cavaliers,97,Chicago Bulls,111,Box Score,,,,
Indiana Pacers,103,Detroit Pistons,89,Box Score,,,,
Atlanta Hawks,101,Golden State Warriors,118,Box Score,,,,
Philadelphia 76ers,116,Houston Rockets,120,Box Score,OT,,,
New Jersey Nets,115,Kansas City Kings,118,Box Score,OT,,,
Milwaukee Bucks,115,New York Knicks,108,Box Score,,,,
New Orleans Jazz,118,San Antonio Spurs,133,Box Score,,,,
Boston Celtics,93,Washington Bullets,103,Box Score,,,,
Washington Bullets,100,Cleveland Cavaliers,94,Box Score,,,,
Denver Nuggets,111,Los Angeles Lakers,109,Box Score,,,,
New Jersey Nets,118,Milwaukee Bucks,134,Box Score,OT,,,
Atlanta Hawks,96,Phoenix Suns,89,Box Score,,,,
Atlanta Hawks,88,Seattle SuperSonics,99,Box Score,,,,
New Orleans Jazz,90,Buffalo Braves,113,Box Score,,,,
Washington Bullets,108,Chicago Bulls,116,Box Score,,,,
Portland Trail Blazers,116,Cleveland Cavaliers,94,Box Score,,,,
Houston Rockets,105,Golden State Warriors,107,Box Score,,,,
Phoenix Suns,103,Kansas City Kings,92,Box Score,,,,
Milwaukee Bucks,108,Los Angeles Lakers,109,Box Score,,,,
Boston Celtics,119,New York Knicks,122,Box Score,OT,,,
Kansas City Kings,109,Boston Celtics,113,Box Score,,,,
Atlanta Hawks,116,Denver Nuggets,123,Box Score,,,,
Phoenix Suns,113,Detroit Pistons,107,Box Score,OT,,,
New Orleans Jazz,103,Indiana Pacers,118,Box Score,,,,
San Antonio Spurs,125,New Jersey Nets,122,Box Score,,,,
Portland Trail Blazers,100,Philadelphia 76ers,122,Box Score,,,,
Cleveland Cavaliers,95,Washington Bullets,96,Box Score,,,,
New Jersey Nets,78,Chicago Bulls,104,Box Score,,,,
Milwaukee Bucks,117,Golden State Warriors,116,Box Score,,,,
New York Knicks,103,Atlanta Hawks,84,Box Score,,,,
Portland Trail Blazers,118,Boston Celtics,87,Box Score,,,,
Houston Rockets,116,Los Angeles Lakers,105,Box Score,,,,The Punch
Kansas City Kings,114,New Jersey Nets,122,Box Score,,,,
San Antonio Spurs,116,Philadelphia 76ers,120,Box Score,,,,
Milwaukee Bucks,123,Seattle SuperSonics,136,Box Score,,,,
New Orleans Jazz,97,Washington Bullets,101,Box Score,,,,
San Antonio Spurs,119,Chicago Bulls,121,Box Score,,,,
Atlanta Hawks,87,Cleveland Cavaliers,102,Box Score,,,,
Milwaukee Bucks,111,Denver Nuggets,118,Box Score,,,,
New Orleans Jazz,86,Detroit Pistons,104,Box Score,,,,
Philadelphia 76ers,108,Indiana Pacers,114,Box Score,OT,,,
Golden State Warriors,97,Kansas City Kings,92,Box Score,OT,,,
Portland Trail Blazers,107,New York Knicks,106,Box Score,,,,
Houston Rockets,93,Phoenix Suns,110,Box Score,,,,
Buffalo Braves,119,Los Angeles Lakers,124,Box Score,OT,,,
Houston Rockets,84,Seattle SuperSonics,116,Box Score,,,,
New Jersey Nets,106,Washington Bullets,95,Box Score,,,,
New Jersey Nets,108,Boston Celtics,122,Box Score,,,,"at Hartford, CT"
Denver Nuggets,96,Chicago Bulls,99,Box Score,,,,
Seattle SuperSonics,104,Cleveland Cavaliers,116,Box Score,,,,
Philadelphia 76ers,117,Milwaukee Bucks,129,Box Score,,,,
Los Angeles Lakers,94,New Orleans Jazz,117,Box Score,,,,
Atlanta Hawks,106,New York Knicks,107,Box Score,,,,
Buffalo Braves,108,Portland Trail Blazers,111,Box Score,,,,
Golden State Warriors,96,Washington Bullets,102,Box Score,,,,
Seattle SuperSonics,102,Detroit Pistons,92,Box Score,,,,
Los Angeles Lakers,113,Houston Rockets,91,Box Score,,,,
New York Knicks,101,Indiana Pacers,98,Box Score,,,,
Denver Nuggets,98,Kansas City Kings,124,Box Score,,,,
Golden State Warriors,104,New Jersey Nets,108,Box Score,,,,
Atlanta Hawks,108,Philadelphia 76ers,99,Box Score,,,,
Buffalo Braves,103,Phoenix Suns,113,Box Score,,,,
Chicago Bulls,108,San Antonio Spurs,116,Box Score,,,,
San Antonio Spurs,99,Atlanta Hawks,115,Box Score,,,,
Golden State Warriors,113,Boston Celtics,118,Box Score,,,,
Philadelphia 76ers,110,Chicago Bulls,115,Box Score,,,,
Washington Bullets,117,Denver Nuggets,112,Box Score,OT,,,
Detroit Pistons,106,Indiana Pacers,114,Box Score,OT,,,
Seattle SuperSonics,98,Los Angeles Lakers,90,Box Score,,,,
New York Knicks,150,Milwaukee Bucks,152,Box Score,3OT,,,
Cleveland Cavaliers,106,New Jersey Nets,116,Box Score,OT,,,
Phoenix Suns,126,New Orleans Jazz,113,Box Score,,,,
Buffalo Braves,126,Detroit Pistons,122,Box Score,2OT,,,
Phoenix Suns,101,Houston Rockets,97,Box Score,,,,
New Orleans Jazz,93,Kansas City Kings,115,Box Score,,,,
Chicago Bulls,103,New York Knicks,112,Box Score,,,,
Cleveland Cavaliers,116,Philadelphia 76ers,129,Box Score,,,,
Washington Bullets,104,Portland Trail Blazers,117,Box Score,,,,
Phoenix Suns,129,Atlanta Hawks,134,Box Score,2OT,,,
Golden State Warriors,95,Cleveland Cavaliers,101,Box Score,,,,
Indiana Pacers,114,Kansas City Kings,115,Box Score,,,,
Boston Celtics,97,Los Angeles Lakers,104,Box Score,,,,
Buffalo Braves,100,Milwaukee Bucks,111,Box Score,,,,
Detroit Pistons,117,New Orleans Jazz,108,Box Score,,,,
Washington Bullets,109,Seattle SuperSonics,111,Box Score,OT,,,
Houston Rockets,104,Buffalo Braves,110,Box Score,,,,
Atlanta Hawks,86,Chicago Bulls,94,Box Score,,,,
Washington Bullets,115,Los Angeles Lakers,120,Box Score,,,,
Phoenix Suns,110,New York Knicks,99,Box Score,,,,
Boston Celtics,99,Portland Trail Blazers,104,Box Score,,,,
Detroit Pistons,118,San Antonio Spurs,117,Box Score,,,,
Denver Nuggets,88,Seattle SuperSonics,93,Box Score,,,,
Boston Celtics,106,Golden State Warriors,111,Box Score,,,,
Atlanta Hawks,98,Indiana Pacers,109,Box Score,,,,
San Antonio Spurs,92,Milwaukee Bucks,116,Box Score,,,,
Houston Rockets,103,New Jersey Nets,93,Box Score,,,,
Phoenix Suns,119,Philadelphia 76ers,125,Box Score,,,,
New York Knicks,100,Cleveland Cavaliers,112,Box Score,,,,
Milwaukee Bucks,102,Detroit Pistons,118,Box Score,,,,
Chicago Bulls,110,Kansas City Kings,113,Box Score,,,,
New Jersey Nets,110,New Orleans Jazz,131,Box Score,,,,
Boston Celtics,99,Seattle SuperSonics,132,Box Score,,,,
Detroit Pistons,108,Chicago Bulls,107,Box Score,,,,
Denver Nuggets,93,Golden State Warriors,98,Box Score,,,,
Atlanta Hawks,109,Milwaukee Bucks,93,Box Score,,,,
Buffalo Braves,102,New Jersey Nets,103,Box Score,,,,
Boston Celtics,110,Phoenix Suns,129,Box Score,,,,
Los Angeles Lakers,98,Portland Trail Blazers,108,Box Score,,,,
Houston Rockets,101,San Antonio Spurs,107,Box Score,,,,
Buffalo Braves,105,Cleveland Cavaliers,111,Box Score,,,,
Milwaukee Bucks,131,Kansas City Kings,122,Box Score,,,,
San Antonio Spurs,115,New Orleans Jazz,105,Box Score,,,,
Philadelphia 76ers,110,New York Knicks,113,Box Score,,,,
Golden State Warriors,97,Portland Trail Blazers,109,Box Score,,,,
Los Angeles Lakers,111,Seattle SuperSonics,96,Box Score,,,,
Atlanta Hawks,93,Washington Bullets,100,Box Score,,,,
Washington Bullets,113,Atlanta Hawks,106,Box Score,,,,
Phoenix Suns,108,Denver Nuggets,127,Box Score,,,,
Boston Celtics,100,Detroit Pistons,122,Box Score,,,,
Kansas City Kings,99,Houston Rockets,113,Box Score,,,,
Milwaukee Bucks,108,Buffalo Braves,105,Box Score,,,,
Portland Trail Blazers,106,Chicago Bulls,115,Box Score,,,,
New Orleans Jazz,113,Cleveland Cavaliers,102,Box Score,,"19,548",,
Los Angeles Lakers,123,Golden State Warriors,82,Box Score,,,,
Seattle SuperSonics,105,Phoenix Suns,131,Box Score,,,,
Indiana Pacers,96,San Antonio Spurs,89,Box Score,,,,
Indiana Pacers,92,Atlanta Hawks,99,Box Score,,,,
Golden State Warriors,108,Denver Nuggets,130,Box Score,,,,
Portland Trail Blazers,111,Detroit Pistons,106,Box Score,,,,
Chicago Bulls,125,Philadelphia 76ers,129,Box Score,OT,,,
Buffalo Braves,87,Washington Bullets,106,Box Score,,,,
Cleveland Cavaliers,99,Houston Rockets,104,Box Score,,,,
Boston Celtics,124,Milwaukee Bucks,115,Box Score,,,,
New York Knicks,109,New Jersey Nets,101,Box Score,,,,
Kansas City Kings,104,Phoenix Suns,110,Box Score,,,,
Denver Nuggets,106,Atlanta Hawks,104,Box Score,,,,"at Charlotte, NC"
Detroit Pistons,103,Buffalo Braves,87,Box Score,,,,
Boston Celtics,97,Chicago Bulls,102,Box Score,,,,
Portland Trail Blazers,108,Golden State Warriors,99,Box Score,,,,
Houston Rockets,98,Indiana Pacers,99,Box Score,,,,
Kansas City Kings,109,Los Angeles Lakers,119,Box Score,,,,
New Orleans Jazz,116,New York Knicks,118,Box Score,,,,
Washington Bullets,119,Philadelphia 76ers,126,Box Score,,,,
Cleveland Cavaliers,101,San Antonio Spurs,122,Box Score,,,,
Phoenix Suns,110,Seattle SuperSonics,121,Box Score,,,,
0,1,2,3,4,5,6,7,8
,,,,,,,,
Cleveland Cavaliers,87,New York Knicks,96,Box Score,,,,
Kansas City Kings,102,Portland Trail Blazers,107,Box Score,,,,
Chicago Bulls,96,Seattle SuperSonics,114,Box Score,,,,
Detroit Pistons,106,Atlanta Hawks,103,Box Score,,,,
Phoenix Suns,125,Milwaukee Bucks,103,Box Score,,,,
Indiana Pacers,104,New Orleans Jazz,103,Box Score,,,,
Los Angeles Lakers,120,New York Knicks,117,Box Score,,,,
Chicago Bulls,90,Portland Trail Blazers,92,Box Score,,,,
Denver Nuggets,101,Washington Bullets,100,Box Score,,,,
Los Angeles Lakers,93,Buffalo Braves,94,Box Score,,,,
Atlanta Hawks,97,Detroit Pistons,111,Box Score,,,,
Chicago Bulls,94,Golden State Warriors,115,Box Score,,,,
Indiana Pacers,96,Houston Rockets,104,Box Score,,,,
Phoenix Suns,83,New Jersey Nets,115,Box Score,,,,
Cleveland Cavaliers,93,Philadelphia 76ers,108,Box Score,,,,
Denver Nuggets,119,San Antonio Spurs,114,Box Score,,,,
Kansas City Kings,110,Seattle SuperSonics,116,Box Score,,,,
Phoenix Suns,121,Boston Celtics,111,Box Score,,,,"at Hartford, CT"
New Jersey Nets,94,Cleveland Cavaliers,110,Box Score,,,,
New Orleans Jazz,116,Milwaukee Bucks,109,Box Score,,,,
New York Knicks,99,Chicago Bulls,97,Box Score,,,,
Detroit Pistons,106,Golden State Warriors,107,Box Score,,,,
Milwaukee Bucks,103,Houston Rockets,101,Box Score,,,,
San Antonio Spurs,110,New Jersey Nets,105,Box Score,,,,
Atlanta Hawks,94,New Orleans Jazz,96,Box Score,,,,
Los Angeles Lakers,110,Philadelphia 76ers,123,Box Score,,,,
Indiana Pacers,114,Washington Bullets,146,Box Score,,,,
Houston Rockets,83,Atlanta Hawks,106,Box Score,,,,
Phoenix Suns,107,Buffalo Braves,97,Box Score,,,,
San Antonio Spurs,109,Cleveland Cavaliers,107,Box Score,OT,,,
New York Knicks,100,Kansas City Kings,93,Box Score,,,,
Detroit Pistons,105,Portland Trail Blazers,109,Box Score,,,,
Chicago Bulls,104,Denver Nuggets,109,Box Score,,,,
Los Angeles Lakers,103,Indiana Pacers,104,Box Score,,,,
Kansas City Kings,123,Milwaukee Bucks,133,Box Score,,,,
Washington Bullets,99,New Jersey Nets,98,Box Score,,,,
Boston Celtics,91,Philadelphia 76ers,94,Box Score,,,,
New Orleans Jazz,100,Portland Trail Blazers,122,Box Score,,,,
Golden State Warriors,91,Seattle SuperSonics,99,Box Score,,,,
Los Angeles Lakers,106,Chicago Bulls,110,Box Score,,,,
New Orleans Jazz,110,Denver Nuggets,115,Box Score,OT,,,
Indiana Pacers,103,Milwaukee Bucks,125,Box Score,,,,
Houston Rockets,80,Philadelphia 76ers,95,Box Score,,,,
New York Knicks,113,Portland Trail Blazers,126,Box Score,,,,
Kansas City Kings,115,Washington Bullets,123,Box Score,,,,
Washington Bullets,95,Atlanta Hawks,100,Box Score,,,,"at Charlotte, NC"
Houston Rockets,88,Boston Celtics,91,Box Score,,,,
Los Angeles Lakers,94,Kansas City Kings,102,Box Score,,,,
Golden State Warriors,103,New Jersey Nets,92,Box Score,,,,
New Orleans Jazz,99,Phoenix Suns,142,Box Score,,,,
Milwaukee Bucks,106,San Antonio Spurs,130,Box Score,,,,
Detroit Pistons,100,Seattle SuperSonics,106,Box Score,,,,
Indiana Pacers,92,Buffalo Braves,111,Box Score,,,,
Denver Nuggets,109,Houston Rockets,106,Box Score,,,,
San Antonio Spurs,98,Atlanta Hawks,92,Box Score,,,,
New Jersey Nets,111,Boston Celtics,114,Box Score,OT,,,
Milwaukee Bucks,111,Chicago Bulls,128,Box Score,,,,
New York Knicks,96,Golden State Warriors,109,Box Score,,,,
Kansas City Kings,106,Indiana Pacers,108,Box Score,,,,
Buffalo Braves,93,Philadelphia 76ers,118,Box Score,,,,
Detroit Pistons,100,Phoenix Suns,111,Box Score,,,,
Cleveland Cavaliers,98,Seattle SuperSonics,104,Box Score,,,,
Portland Trail Blazers,93,Washington Bullets,102,Box Score,,,,
Washington Bullets,93,Buffalo Braves,130,Box Score,,,,
Los Angeles Lakers,112,Denver Nuggets,123,Box Score,,,,
New Orleans Jazz,118,Golden State Warriors,111,Box Score,,,,
San Antonio Spurs,93,Houston Rockets,104,Box Score,,,,
Atlanta Hawks,101,Kansas City Kings,110,Box Score,,,,
Philadelphia 76ers,136,New Jersey Nets,120,Box Score,,,,
Portland Trail Blazers,107,Boston Celtics,103,Box Score,OT,,,
Chicago Bulls,107,Detroit Pistons,101,Box Score,,,,
Cleveland Cavaliers,104,Phoenix Suns,113,Box Score,,,,
New York Knicks,102,Seattle SuperSonics,108,Box Score,,,,
New Jersey Nets,112,Indiana Pacers,120,Box Score,OT,,,
Kansas City Kings,90,Atlanta Hawks,111,Box Score,,,,
Portland Trail Blazers,96,Buffalo Braves,94,Box Score,,,,
Indiana Pacers,104,Chicago Bulls,105,Box Score,,,,
Cleveland Cavaliers,89,Denver Nuggets,104,Box Score,,,,
New York Knicks,108,Los Angeles Lakers,121,Box Score,,,,
New Jersey Nets,109,Milwaukee Bucks,119,Box Score,,,,
Houston Rockets,95,New Orleans Jazz,99,Box Score,,,,
Seattle SuperSonics,113,San Antonio Spurs,119,Box Score,,,,
New Orleans Jazz,108,Atlanta Hawks,106,Box Score,,,,"at Charlotte, NC"
Milwaukee Bucks,116,Boston Celtics,130,Box Score,,,,
Buffalo Braves,100,Detroit Pistons,113,Box Score,,,,
Washington Bullets,106,Golden State Warriors,113,Box Score,,,,
Seattle SuperSonics,106,Houston Rockets,104,Box Score,,,,
San Antonio Spurs,109,Indiana Pacers,96,Box Score,,,,
Philadelphia 76ers,126,Kansas City Kings,106,Box Score,,,,
Portland Trail Blazers,127,New Jersey Nets,101,Box Score,,,,
Chicago Bulls,105,Atlanta Hawks,95,Box Score,,,,
Philadelphia 76ers,109,Cleveland Cavaliers,117,Box Score,,,,
Denver Nuggets,109,Milwaukee Bucks,114,Box Score,,,,
New York Knicks,114,Phoenix Suns,134,Box Score,,,,
Phoenix Suns,104,Golden State Warriors,119,Box Score,,,,
Detroit Pistons,108,Houston Rockets,118,Box Score,,,,
Washington Bullets,99,Los Angeles Lakers,121,Box Score,,,,
Portland Trail Blazers,100,New Orleans Jazz,101,Box Score,,,,
Indiana Pacers,82,San Antonio Spurs,112,Box Score,,,,
Indiana Pacers,100,Atlanta Hawks,111,Box Score,,,,
Seattle SuperSonics,103,Boston Celtics,92,Box Score,,,,
Atlanta Hawks,89,Cleveland Cavaliers,93,Box Score,,,,
New York Knicks,143,Denver Nuggets,141,Box Score,OT,,,
Buffalo Braves,90,Indiana Pacers,99,Box Score,,,,
Houston Rockets,101,Los Angeles Lakers,106,Box Score,,,,
Chicago Bulls,90,Milwaukee Bucks,112,Box Score,,,,
Kansas City Kings,105,New Jersey Nets,97,Box Score,,"2,632",,
Detroit Pistons,97,New Orleans Jazz,100,Box Score,,,,
Golden State Warriors,87,Philadelphia 76ers,99,Box Score,,,,
Washington Bullets,101,Phoenix Suns,114,Box Score,,,,
Portland Trail Blazers,95,San Antonio Spurs,106,Box Score,,,,
Denver Nuggets,114,Chicago Bulls,131,Box Score,,,,
Cleveland Cavaliers,96,Indiana Pacers,92,Box Score,,,,
Portland Trail Blazers,120,Kansas City Kings,97,Box Score,,,,
Philadelphia 76ers,102,Los Angeles Lakers,117,Box Score,,,,
Boston Celtics,91,New Orleans Jazz,96,Box Score,,,,
Golden State Warriors,97,New York Knicks,99,Box Score,,,,
Detroit Pistons,104,Washington Bullets,101,Box Score,,,,
Buffalo Braves,119,Denver Nuggets,121,Box Score,OT,,,
Golden State Warriors,95,Detroit Pistons,99,Box Score,,,,
Houston Rockets,96,Phoenix Suns,118,Box Score,,,,
Boston Celtics,103,San Antonio Spurs,113,Box Score,,,,
Philadelphia 76ers,128,Seattle SuperSonics,125,Box Score,,,,
Kansas City Kings,105,New York Knicks,112,Box Score,,,,
New Jersey Nets,77,Portland Trail Blazers,112,Box Score,,,,
Chicago Bulls,107,Washington Bullets,135,Box Score,,,,
New York Knicks,96,Atlanta Hawks,105,Box Score,,,,
Golden State Warriors,101,Buffalo Braves,94,Box Score,,,,
Houston Rockets,100,Denver Nuggets,105,Box Score,,,,
Milwaukee Bucks,114,Los Angeles Lakers,131,Box Score,,,,
Kansas City Kings,117,New Orleans Jazz,134,Box Score,,,,
Philadelphia 76ers,101,Phoenix Suns,110,Box Score,,,,
New Jersey Nets,90,Seattle SuperSonics,95,Box Score,,,,
Detroit Pistons,115,Cleveland Cavaliers,105,Box Score,,,,
Chicago Bulls,96,New York Knicks,108,Box Score,,,,
Buffalo Braves,102,Atlanta Hawks,107,Box Score,,,,
Golden State Warriors,99,Boston Celtics,88,Box Score,,,,
Philadelphia 76ers,118,Denver Nuggets,117,Box Score,,,,
Cleveland Cavaliers,116,Detroit Pistons,120,Box Score,OT,,,
New Orleans Jazz,107,Indiana Pacers,91,Box Score,,,,
San Antonio Spurs,127,Kansas City Kings,113,Box Score,,,,
New Jersey Nets,100,Phoenix Suns,131,Box Score,,,,
Houston Rockets,88,Portland Trail Blazers,123,Box Score,,,,
Milwaukee Bucks,101,Seattle SuperSonics,103,Box Score,,,,
Los Angeles Lakers,112,Washington Bullets,119,Box Score,,,,
Indiana Pacers,94,Boston Celtics,104,Box Score,,,,"at Springfield, MA"
Atlanta Hawks,103,Chicago Bulls,106,Box Score,OT,,,
Los Angeles Lakers,116,Cleveland Cavaliers,107,Box Score,,,,
New Jersey Nets,92,Golden State Warriors,103,Box Score,,,,
Phoenix Suns,112,Kansas City Kings,102,Box Score,,,,
Buffalo Braves,95,New Orleans Jazz,114,Box Score,,,,
Denver Nuggets,119,New York Knicks,115,Box Score,,,,
Milwaukee Bucks,116,Portland Trail Blazers,136,Box Score,,,,
Washington Bullets,109,San Antonio Spurs,129,Box Score,,,,
0,1,2,3,4,5,6,7,8
,,,,,,,,
Los Angeles Lakers,100,Boston Celtics,103,Box Score,OT,,,
Phoenix Suns,120,Detroit Pistons,127,Box Score,,,,
New Jersey Nets,103,Houston Rockets,124,Box Score,,,,
Chicago Bulls,111,New Orleans Jazz,117,Box Score,,,,
Denver Nuggets,101,Philadelphia 76ers,104,Box Score,,,,
Washington Bullets,93,Cleveland Cavaliers,110,Box Score,,,,
Milwaukee Bucks,102,Golden State Warriors,105,Box Score,,,,
Atlanta Hawks,107,Indiana Pacers,105,Box Score,,,,
Detroit Pistons,101,Kansas City Kings,113,Box Score,,,,
New York Knicks,113,San Antonio Spurs,123,Box Score,,,,
Washington Bullets,94,Boston Celtics,116,Box Score,,,,
Cleveland Cavaliers,104,Buffalo Braves,101,Box Score,,,,
San Antonio Spurs,107,Chicago Bulls,110,Box Score,,,,
Detroit Pistons,102,Denver Nuggets,115,Box Score,,,,
New York Knicks,102,Houston Rockets,112,Box Score,,,,
Los Angeles Lakers,105,New Jersey Nets,99,Box Score,OT,,,
Indiana Pacers,104,Philadelphia 76ers,116,Box Score,,,,
Milwaukee Bucks,105,Phoenix Suns,115,Box Score,,,,
Golden State Warriors,92,Portland Trail Blazers,112,Box Score,,,,
Los Angeles Lakers,132,Buffalo Braves,105,Box Score,,,,
Philadelphia 76ers,106,Chicago Bulls,108,Box Score,,,,
New Orleans Jazz,99,Cleveland Cavaliers,122,Box Score,,,,
Washington Bullets,102,Golden State Warriors,105,Box Score,,,,
Boston Celtics,92,Indiana Pacers,89,Box Score,,,,
Atlanta Hawks,109,Denver Nuggets,114,Box Score,,,,
Los Angeles Lakers,105,Detroit Pistons,95,Box Score,,,,
Chicago Bulls,101,Houston Rockets,105,Box Score,,,,
Boston Celtics,100,Kansas City Kings,104,Box Score,,,,
Buffalo Braves,103,Milwaukee Bucks,104,Box Score,,,,
Indiana Pacers,138,New Jersey Nets,140,Box Score,OT,,,
New Orleans Jazz,104,Philadelphia 76ers,117,Box Score,,,,
Washington Bullets,106,Seattle SuperSonics,100,Box Score,,,,
Portland Trail Blazers,94,Cleveland Cavaliers,88,Box Score,,,,
Denver Nuggets,108,Golden State Warriors,119,Box Score,,,,
Indiana Pacers,117,New York Knicks,126,Box Score,,,,
Atlanta Hawks,98,Phoenix Suns,125,Box Score,,,,
Houston Rockets,94,San Antonio Spurs,104,Box Score,,,,
Philadelphia 76ers,110,Buffalo Braves,116,Box Score,,,,
San Antonio Spurs,125,Houston Rockets,114,Box Score,,,,
Portland Trail Blazers,112,Indiana Pacers,108,Box Score,,,,
Chicago Bulls,93,Kansas City Kings,106,Box Score,,,,
Golden State Warriors,107,Los Angeles Lakers,135,Box Score,,,,
Cleveland Cavaliers,98,Milwaukee Bucks,108,Box Score,OT,,,
Detroit Pistons,112,New Jersey Nets,117,Box Score,,,,
Denver Nuggets,123,Seattle SuperSonics,126,Box Score,OT,,,
Kansas City Kings,95,Chicago Bulls,90,Box Score,,,,
New Orleans Jazz,96,Detroit Pistons,106,Box Score,,,,
San Antonio Spurs,131,Golden State Warriors,122,Box Score,OT,,,
Milwaukee Bucks,122,New York Knicks,133,Box Score,,,,
Chicago Bulls,94,Indiana Pacers,111,Box Score,,,,
Cleveland Cavaliers,88,Kansas City Kings,101,Box Score,,,,
Atlanta Hawks,116,Los Angeles Lakers,103,Box Score,,,,
New York Knicks,110,New Jersey Nets,112,Box Score,,,,
Houston Rockets,119,New Orleans Jazz,112,Box Score,,,,
Seattle SuperSonics,99,Philadelphia 76ers,109,Box Score,,,,
Washington Bullets,109,Phoenix Suns,121,Box Score,,,,
Denver Nuggets,103,Portland Trail Blazers,101,Box Score,,,,
New Jersey Nets,115,Detroit Pistons,125,Box Score,,,,
Seattle SuperSonics,100,Buffalo Braves,101,Box Score,,,,
New Orleans Jazz,95,Chicago Bulls,102,Box Score,,,,
New York Knicks,127,Cleveland Cavaliers,136,Box Score,2OT,,,
Washington Bullets,98,Denver Nuggets,103,Box Score,,,,
Boston Celtics,98,Golden State Warriors,75,Box Score,,,,
Philadelphia 76ers,119,Indiana Pacers,116,Box Score,,,,
Houston Rockets,102,Kansas City Kings,125,Box Score,,,,
San Antonio Spurs,114,Los Angeles Lakers,128,Box Score,,,,
Phoenix Suns,100,Portland Trail Blazers,113,Box Score,,,,
Philadelphia 76ers,116,Detroit Pistons,113,Box Score,,,,
Indiana Pacers,122,Houston Rockets,126,Box Score,,,,
New Orleans Jazz,99,Milwaukee Bucks,112,Box Score,,,,
Atlanta Hawks,99,Portland Trail Blazers,102,Box Score,,,,
Denver Nuggets,87,Cleveland Cavaliers,119,Box Score,,,,
Seattle SuperSonics,92,New Jersey Nets,101,Box Score,,,,
Boston Celtics,98,Phoenix Suns,95,Box Score,,,,
Buffalo Braves,109,Washington Bullets,123,Box Score,,,,
Kansas City Kings,108,Buffalo Braves,100,Box Score,,,,
Seattle SuperSonics,106,Chicago Bulls,98,Box Score,,,,
Portland Trail Blazers,105,Denver Nuggets,112,Box Score,,,,
New York Knicks,128,Detroit Pistons,108,Box Score,,,,
Phoenix Suns,92,Golden State Warriors,111,Box Score,,,,
Washington Bullets,111,Indiana Pacers,123,Box Score,,,,
Boston Celtics,106,Los Angeles Lakers,114,Box Score,,,,
Houston Rockets,98,Milwaukee Bucks,115,Box Score,,,,
Cleveland Cavaliers,99,New Jersey Nets,96,Box Score,,,,
Atlanta Hawks,111,New Orleans Jazz,102,Box Score,,,,"at Baton Rouge, LA"
San Antonio Spurs,116,Philadelphia 76ers,125,Box Score,,,,
Kansas City Kings,101,Cleveland Cavaliers,105,Box Score,,,,
Atlanta Hawks,112,Houston Rockets,121,Box Score,,,,
Buffalo Braves,122,New York Knicks,112,Box Score,,,,
Indiana Pacers,101,Phoenix Suns,114,Box Score,,,,
Chicago Bulls,103,San Antonio Spurs,124,Box Score,,,,
Boston Celtics,115,Denver Nuggets,118,Box Score,,,,
Kansas City Kings,107,Detroit Pistons,110,Box Score,,,,
Los Angeles Lakers,115,Golden State Warriors,93,Box Score,,,,
Seattle SuperSonics,108,Milwaukee Bucks,103,Box Score,,,,
New Jersey Nets,110,Philadelphia 76ers,120,Box Score,,,,
Indiana Pacers,104,Portland Trail Blazers,127,Box Score,,,,
New Orleans Jazz,111,Washington Bullets,130,Box Score,,,,
Cleveland Cavaliers,95,Chicago Bulls,106,Box Score,,,,
Phoenix Suns,114,Buffalo Braves,111,Box Score,,,,
Los Angeles Lakers,106,Chicago Bulls,104,Box Score,,,,
Philadelphia 76ers,127,Cleveland Cavaliers,114,Box Score,,,,
Boston Celtics,96,Houston Rockets,111,Box Score,,,,
Seattle SuperSonics,120,New York Knicks,122,Box Score,,,,
Portland Trail Blazers,118,San Antonio Spurs,114,Box Score,OT,,,
Phoenix Suns,95,Atlanta Hawks,107,Box Score,,,,"at Charlotte, NC"
Indiana Pacers,99,Denver Nuggets,96,Box Score,,,,
Houston Rockets,108,Detroit Pistons,119,Box Score,,,,
Los Angeles Lakers,122,Kansas City Kings,127,Box Score,OT,,,
Seattle SuperSonics,94,New Jersey Nets,83,Box Score,,,,
Golden State Warriors,91,New Orleans Jazz,116,Box Score,,,,
Portland Trail Blazers,105,Washington Bullets,97,Box Score,,,,
Atlanta Hawks,105,San Antonio Spurs,118,Box Score,,,,
Golden State Warriors,97,Atlanta Hawks,96,Box Score,,,,
Boston Celtics,106,Buffalo Braves,99,Box Score,,,,
Milwaukee Bucks,112,Chicago Bulls,109,Box Score,OT,,,
Portland Trail Blazers,107,Kansas City Kings,96,Box Score,,,,
Denver Nuggets,99,Los Angeles Lakers,109,Box Score,,,,
Houston Rockets,112,New Jersey Nets,126,Box Score,,,,
Cleveland Cavaliers,98,New Orleans Jazz,101,Box Score,,,,
Phoenix Suns,120,Washington Bullets,121,Box Score,OT,,,
Houston Rockets,110,Buffalo Braves,106,Box Score,,,,
Philadelphia 76ers,115,Denver Nuggets,124,Box Score,,,,
Phoenix Suns,115,New York Knicks,122,Box Score,,,,
Cleveland Cavaliers,108,San Antonio Spurs,112,Box Score,,,,
Detroit Pistons,104,Seattle SuperSonics,118,Box Score,,,,
Buffalo Braves,117,Atlanta Hawks,119,Box Score,,,,
Portland Trail Blazers,100,Chicago Bulls,99,Box Score,,,,
Detroit Pistons,127,Los Angeles Lakers,124,Box Score,,,,
Boston Celtics,94,New Jersey Nets,92,Box Score,,,,
Milwaukee Bucks,122,New Orleans Jazz,120,Box Score,OT,,,
Philadelphia 76ers,97,Seattle SuperSonics,99,Box Score,,,,
Golden State Warriors,110,Washington Bullets,121,Box Score,,,,
Cleveland Cavaliers,110,Houston Rockets,97,Box Score,,,,
Boston Celtics,85,Atlanta Hawks,117,Box Score,,,,
Phoenix Suns,115,Chicago Bulls,126,Box Score,,,,
Denver Nuggets,122,Indiana Pacers,106,Box Score,,,,
Seattle SuperSonics,114,Kansas City Kings,107,Box Score,OT,,,
Washington Bullets,135,Milwaukee Bucks,136,Box Score,OT,,,
Buffalo Braves,108,New Orleans Jazz,125,Box Score,,,,
San Antonio Spurs,123,New York Knicks,138,Box Score,,,,
Philadelphia 76ers,92,Portland Trail Blazers,113,Box Score,,,,
0,1,2,3,4,5,6,7,8
,,,,,,,,
Cleveland Cavaliers,110,Denver Nuggets,104,Box Score,,,,
Philadelphia 76ers,125,Golden State Warriors,119,Box Score,,,,
Buffalo Braves,114,Houston Rockets,104,Box Score,,,,
Atlanta Hawks,95,New Jersey Nets,97,Box Score,,,,
Boston Celtics,100,New Orleans Jazz,101,Box Score,,,,
Detroit Pistons,115,Phoenix Suns,102,Box Score,,,,
San Antonio Spurs,110,Washington Bullets,125,Box Score,,,,
Portland Trail Blazers,117,New York Knicks,128,Box Score,,,,
Buffalo Braves,107,San Antonio Spurs,128,Box Score,,,,
Houston Rockets,110,Atlanta Hawks,133,Box Score,,,,
New Orleans Jazz,113,Boston Celtics,116,Box Score,,,,
Washington Bullets,124,Detroit Pistons,108,Box Score,,,,
Seattle SuperSonics,111,Indiana Pacers,115,Box Score,,,,
Philadelphia 76ers,95,Los Angeles Lakers,96,Box Score,,,,
Milwaukee Bucks,126,Phoenix Suns,132,Box Score,,,,
New Jersey Nets,107,Buffalo Braves,111,Box Score,,,,
Kansas City Kings,114,Denver Nuggets,123,Box Score,,,,
Seattle SuperSonics,104,New Orleans Jazz,113,Box Score,,,,
Boston Celtics,91,New York Knicks,99,Box Score,,,,
Cleveland Cavaliers,100,Portland Trail Blazers,105,Box Score,,,,
Seattle SuperSonics,94,Atlanta Hawks,101,Box Score,,,,
New York Knicks,94,Boston Celtics,112,Box Score,,,,
Indiana Pacers,110,Detroit Pistons,122,Box Score,,,,
Chicago Bulls,96,Golden State Warriors,95,Box Score,,,,
Cleveland Cavaliers,117,Los Angeles Lakers,128,Box Score,,,,
Buffalo Braves,103,New Jersey Nets,109,Box Score,,,,
Philadelphia 76ers,104,Phoenix Suns,92,Box Score,,,,
Milwaukee Bucks,88,Portland Trail Blazers,126,Box Score,,,,
New Orleans Jazz,97,San Antonio Spurs,98,Box Score,,,,
Houston Rockets,88,Washington Bullets,106,Box Score,,,,
Indiana Pacers,88,Kansas City Kings,98,Box Score,,,,
Detroit Pistons,109,Atlanta Hawks,123,Box Score,,,,
Phoenix Suns,126,Denver Nuggets,112,Box Score,,,,
Portland Trail Blazers,82,New Orleans Jazz,84,Box Score,,,,
Houston Rockets,101,New York Knicks,112,Box Score,,,,
New Jersey Nets,98,San Antonio Spurs,129,Box Score,,,,
New Orleans Jazz,108,Buffalo Braves,120,Box Score,,,,
Cleveland Cavaliers,108,Golden State Warriors,118,Box Score,,,,
Portland Trail Blazers,97,Houston Rockets,94,Box Score,,,,
New Jersey Nets,123,Kansas City Kings,121,Box Score,,,,
New York Knicks,125,Milwaukee Bucks,127,Box Score,2OT,,,
Atlanta Hawks,97,Philadelphia 76ers,108,Box Score,,,,
Seattle SuperSonics,95,San Antonio Spurs,94,Box Score,,,,
Detroit Pistons,105,Indiana Pacers,112,Box Score,,,,
Chicago Bulls,103,Phoenix Suns,112,Box Score,,,,
Portland Trail Blazers,105,Atlanta Hawks,114,Box Score,,,,
Cleveland Cavaliers,117,Buffalo Braves,118,Box Score,,,,
Washington Bullets,117,Houston Rockets,114,Box Score,,,,
New York Knicks,115,Indiana Pacers,122,Box Score,,,,
Denver Nuggets,120,Kansas City Kings,126,Box Score,,,,
Chicago Bulls,109,Los Angeles Lakers,115,Box Score,,,,
Golden State Warriors,124,Milwaukee Bucks,102,Box Score,,,,
New Orleans Jazz,105,New Jersey Nets,99,Box Score,,,,
Boston Celtics,109,Philadelphia 76ers,120,Box Score,,,,
Seattle SuperSonics,93,Houston Rockets,91,Box Score,,,,
New Jersey Nets,117,New York Knicks,126,Box Score,,,,
Los Angeles Lakers,114,Phoenix Suns,120,Box Score,,,,
Washington Bullets,101,San Antonio Spurs,116,Box Score,,,,
Milwaukee Bucks,93,Atlanta Hawks,98,Box Score,,,,
Philadelphia 76ers,105,Boston Celtics,103,Box Score,,,,
Portland Trail Blazers,90,Buffalo Braves,96,Box Score,,,,
Chicago Bulls,95,Denver Nuggets,98,Box Score,,,,
Cleveland Cavaliers,95,Indiana Pacers,90,Box Score,,,,
Golden State Warriors,113,Kansas City Kings,106,Box Score,,,,
Phoenix Suns,112,Los Angeles Lakers,128,Box Score,,,,
Detroit Pistons,130,New Jersey Nets,125,Box Score,,,,
Detroit Pistons,98,Boston Celtics,105,Box Score,,,,
San Antonio Spurs,115,Buffalo Braves,123,Box Score,OT,,,
Golden State Warriors,103,Chicago Bulls,96,Box Score,,,,
Houston Rockets,98,Cleveland Cavaliers,119,Box Score,,,,
Phoenix Suns,106,Milwaukee Bucks,121,Box Score,,,,
Los Angeles Lakers,135,New York Knicks,117,Box Score,,,,
New Orleans Jazz,109,Portland Trail Blazers,103,Box Score,,,,
Seattle SuperSonics,115,Washington Bullets,120,Box Score,,,,
Golden State Warriors,111,Denver Nuggets,123,Box Score,,,,
San Antonio Spurs,135,Detroit Pistons,106,Box Score,,,,
Buffalo Braves,106,Indiana Pacers,111,Box Score,,,,
Phoenix Suns,98,New Jersey Nets,117,Box Score,,,,
Los Angeles Lakers,93,Philadelphia 76ers,113,Box Score,,,,
Washington Bullets,107,Chicago Bulls,111,Box Score,,,,
Boston Celtics,102,Cleveland Cavaliers,112,Box Score,,,,
Atlanta Hawks,98,Golden State Warriors,104,Box Score,,,,
Detroit Pistons,106,Houston Rockets,98,Box Score,,,,
New Orleans Jazz,98,Seattle SuperSonics,123,Box Score,,,,
Phoenix Suns,108,Boston Celtics,115,Box Score,,,,
Milwaukee Bucks,127,Buffalo Braves,136,Box Score,,,,
New York Knicks,117,Chicago Bulls,129,Box Score,,,,
Seattle SuperSonics,105,Los Angeles Lakers,98,Box Score,,,,
Denver Nuggets,109,New Jersey Nets,111,Box Score,OT,,,
Kansas City Kings,112,Philadelphia 76ers,123,Box Score,,,,
San Antonio Spurs,118,Portland Trail Blazers,99,Box Score,,,,
Indiana Pacers,105,Washington Bullets,99,Box Score,,,,
Kansas City Kings,110,Boston Celtics,117,Box Score,,,,
New Orleans Jazz,96,Golden State Warriors,88,Box Score,,,,
New Jersey Nets,106,Houston Rockets,104,Box Score,,,,
Milwaukee Bucks,113,Indiana Pacers,104,Box Score,,,,
Philadelphia 76ers,141,New York Knicks,127,Box Score,,,,
Atlanta Hawks,86,Portland Trail Blazers,105,Box Score,,,,
Denver Nuggets,95,Boston Celtics,122,Box Score,,,,
Phoenix Suns,123,Cleveland Cavaliers,112,Box Score,,,,
Chicago Bulls,92,Detroit Pistons,112,Box Score,,,,
Buffalo Braves,108,Kansas City Kings,122,Box Score,,,,
Atlanta Hawks,87,Los Angeles Lakers,101,Box Score,,,,
New York Knicks,118,Philadelphia 76ers,125,Box Score,,,,
San Antonio Spurs,98,Seattle SuperSonics,116,Box Score,,,,
Milwaukee Bucks,117,Washington Bullets,106,Box Score,,,,
Indiana Pacers,127,Cleveland Cavaliers,104,Box Score,,,,
Houston Rockets,99,Chicago Bulls,101,Box Score,,,,
New York Knicks,115,Denver Nuggets,114,Box Score,,,,
Kansas City Kings,116,Detroit Pistons,111,Box Score,,,,
Buffalo Braves,104,Golden State Warriors,111,Box Score,,,,
Phoenix Suns,115,Indiana Pacers,119,Box Score,,,,
Atlanta Hawks,86,Milwaukee Bucks,100,Box Score,,,,
New Jersey Nets,114,New Orleans Jazz,117,Box Score,,,,
Seattle SuperSonics,96,Portland Trail Blazers,102,Box Score,,,,
Los Angeles Lakers,105,San Antonio Spurs,109,Box Score,,,,
Boston Celtics,107,Washington Bullets,119,Box Score,,,,
Cleveland Cavaliers,99,Boston Celtics,105,Box Score,,,,
Los Angeles Lakers,124,Houston Rockets,106,Box Score,,,,
Philadelphia 76ers,108,Kansas City Kings,120,Box Score,,,,
Chicago Bulls,99,New Jersey Nets,105,Box Score,,,,
Washington Bullets,124,New Orleans Jazz,109,Box Score,,,,
Buffalo Braves,92,Seattle SuperSonics,97,Box Score,,,,
Indiana Pacers,115,Golden State Warriors,119,Box Score,,,,
Portland Trail Blazers,109,Milwaukee Bucks,116,Box Score,,,,
New York Knicks,108,Phoenix Suns,120,Box Score,,,,
Denver Nuggets,106,San Antonio Spurs,123,Box Score,,,,
New Orleans Jazz,94,Atlanta Hawks,96,Box Score,OT,,,
Chicago Bulls,97,Boston Celtics,96,Box Score,,,,
Portland Trail Blazers,95,Detroit Pistons,107,Box Score,,,,
Kansas City Kings,103,Houston Rockets,107,Box Score,,,,
Buffalo Braves,115,Los Angeles Lakers,120,Box Score,,,,
Washington Bullets,107,New Jersey Nets,104,Box Score,,,,
Milwaukee Bucks,122,Philadelphia 76ers,131,Box Score,,,,
Indiana Pacers,102,Seattle SuperSonics,104,Box Score,,,,
New York Knicks,123,Golden State Warriors,133,Box Score,,,,
San Antonio Spurs,132,Kansas City Kings,130,Box Score,,,,
Buffalo Braves,106,Phoenix Suns,112,Box Score,,,,
Atlanta Hawks,95,Washington Bullets,98,Box Score,,,,
Chicago Bulls,78,Cleveland Cavaliers,95,Box Score,,,,
Indiana Pacers,99,Los Angeles Lakers,110,Box Score,,,,
Detroit Pistons,109,Milwaukee Bucks,110,Box Score,OT,,,
Denver Nuggets,109,New Orleans Jazz,100,Box Score,,,,
Portland Trail Blazers,100,Philadelphia 76ers,116,Box Score,,,,
Boston Celtics,101,Seattle SuperSonics,112,Box Score,,,,
New Jersey Nets,118,Washington Bullets,104,Box Score,,,,
Golden State Warriors,88,Cleveland Cavaliers,98,Box Score,,,,
Los Angeles Lakers,104,Atlanta Hawks,105,Box Score,,,,
Detroit Pistons,123,Buffalo Braves,118,Box Score,,,,
Kansas City Kings,128,Chicago Bulls,105,Box Score,,,,
Seattle SuperSonics,100,Cleveland Cavaliers,112,Box Score,,,,
Denver Nuggets,103,New York Knicks,106,Box Score,,,,
Boston Celtics,104,Portland Trail Blazers,92,Box Score,,,,
Golden State Warriors,108,San Antonio Spurs,94,Box Score,,,,
Boston Celtics,106,Denver Nuggets,109,Box Score,,,,
Seattle SuperSonics,116,Detroit Pistons,121,Box Score,,,,
Golden State Warriors,112,Houston Rockets,89,Box Score,,,,
San Antonio Spurs,106,Indiana Pacers,91,Box Score,,,,
Los Angeles Lakers,108,New Orleans Jazz,103,Box Score,,,,
Buffalo Braves,118,Philadelphia 76ers,149,Box Score,,,,
Portland Trail Blazers,94,Phoenix Suns,127,Box Score,,,,
Kansas City Kings,108,Washington Bullets,105,Box Score,OT,,,
San Antonio Spurs,99,Cleveland Cavaliers,95,Box Score,,,,
Indiana Pacers,100,Milwaukee Bucks,105,Box Score,,,,
Washington Bullets,123,New York Knicks,108,Box Score,,,,
Philadelphia 76ers,110,Atlanta Hawks,111,Box Score,OT,,,
San Antonio Spurs,120,Boston Celtics,117,Box Score,,,,
Detroit Pistons,107,Chicago Bulls,117,Box Score,,,,
Seattle SuperSonics,111,Denver Nuggets,109,Box Score,,,,
Golden State Warriors,111,Indiana Pacers,103,Box Score,,,,
Portland Trail Blazers,103,Los Angeles Lakers,101,Box Score,,,,
Milwaukee Bucks,114,New Jersey Nets,122,Box Score,,,,
New York Knicks,117,New Orleans Jazz,116,Box Score,,,,
Kansas City Kings,112,Phoenix Suns,136,Box Score,,,,
Cleveland Cavaliers,102,Washington Bullets,101,Box Score,,,,
0,1,2,3,4,5,6,7,8
,,,,,,,,
Chicago Bulls,110,Buffalo Braves,102,Box Score,,,,
Detroit Pistons,99,Cleveland Cavaliers,113,Box Score,,,,
Philadelphia 76ers,112,Houston Rockets,116,Box Score,,,,
New Orleans Jazz,108,Boston Celtics,119,Box Score,,,,
New Jersey Nets,113,Atlanta Hawks,124,Box Score,,,,
Indiana Pacers,123,Boston Celtics,120,Box Score,,,,
Houston Rockets,100,Denver Nuggets,109,Box Score,,,,
Milwaukee Bucks,129,Detroit Pistons,121,Box Score,,,,
Kansas City Kings,127,Los Angeles Lakers,133,Box Score,,,,
Golden State Warriors,99,Phoenix Suns,105,Box Score,,,,
Philadelphia 76ers,107,San Antonio Spurs,111,Box Score,,,,
Portland Trail Blazers,86,Seattle SuperSonics,101,Box Score,,,,
New York Knicks,114,Washington Bullets,109,Box Score,,,,
Denver Nuggets,104,Buffalo Braves,95,Box Score,,,,
Boston Celtics,104,Chicago Bulls,116,Box Score,,,,
Buffalo Braves,105,Cleveland Cavaliers,116,Box Score,,,,
Kansas City Kings,119,Golden State Warriors,130,Box Score,,,,
New Jersey Nets,129,Indiana Pacers,121,Box Score,,,,
Los Angeles Lakers,103,Milwaukee Bucks,102,Box Score,,,,
Philadelphia 76ers,119,New Orleans Jazz,120,Box Score,,,,
Atlanta Hawks,105,New York Knicks,101,Box Score,,,,
Houston Rockets,101,Portland Trail Blazers,89,Box Score,,,,
Phoenix Suns,119,San Antonio Spurs,125,Box Score,,,,
Atlanta Hawks,87,Buffalo Braves,74,Box Score,,,,
Los Angeles Lakers,119,Washington Bullets,125,Box Score,,,,
Houston Rockets,100,Seattle SuperSonics,113,Box Score,,,,
New Jersey Nets,121,Denver Nuggets,129,Box Score,,,,
Detroit Pistons,115,Philadelphia 76ers,126,Box Score,,,,
Washington Bullets,112,Boston Celtics,103,Box Score,,,,"at Providence, RI"
Milwaukee Bucks,105,Cleveland Cavaliers,117,Box Score,,,,
Portland Trail Blazers,96,Golden State Warriors,115,Box Score,,,,
Detroit Pistons,125,New York Knicks,129,Box Score,OT,,,
Denver Nuggets,111,Phoenix Suns,105,Box Score,,,,
Kansas City Kings,116,San Antonio Spurs,123,Box Score,,,,
Buffalo Braves,113,Chicago Bulls,103,Box Score,,,,
Phoenix Suns,83,Seattle SuperSonics,95,Box Score,,,,
Denver Nuggets,93,Portland Trail Blazers,97,Box Score,,,,
Indiana Pacers,127,Philadelphia 76ers,118,Box Score,,,,
San Antonio Spurs,102,Milwaukee Bucks,108,Box Score,,,,
New Jersey Nets,106,Los Angeles Lakers,114,Box Score,,,,
New York Knicks,125,Kansas City Kings,112,Box Score,,,,
New Orleans Jazz,117,Houston Rockets,114,Box Score,,,,
Detroit Pistons,111,Boston Celtics,109,Box Score,,,,
Cleveland Cavaliers,111,Atlanta Hawks,109,Box Score,,,,
Milwaukee Bucks,123,Boston Celtics,111,Box Score,,,,
New Jersey Nets,109,Phoenix Suns,120,Box Score,,,,
Washington Bullets,114,Philadelphia 76ers,131,Box Score,,,,
Seattle SuperSonics,87,Golden State Warriors,102,Box Score,,,,
Houston Rockets,112,Indiana Pacers,111,Box Score,,,,
New York Knicks,118,Buffalo Braves,107,Box Score,,,,
Chicago Bulls,85,Atlanta Hawks,99,Box Score,,,,
Buffalo Braves,114,Boston Celtics,131,Box Score,,,,
Denver Nuggets,137,Detroit Pistons,139,Box Score,,,,
Cleveland Cavaliers,120,Kansas City Kings,117,Box Score,,,,
San Antonio Spurs,132,New Orleans Jazz,153,Box Score,,,,
Los Angeles Lakers,99,Portland Trail Blazers,114,Box Score,,,,
Golden State Warriors,105,Seattle SuperSonics,111,Box Score,,,,
Philadelphia 76ers,113,Washington Bullets,123,Box Score,,,,
,,,,,,,,
Milwaukee Bucks,111,Phoenix Suns,103,Box Score,,,,
New York Knicks,132,Cleveland Cavaliers,114,Box Score,,,,
Los Angeles Lakers,90,Seattle SuperSonics,102,Box Score,,,,
Atlanta Hawks,94,Washington Bullets,103,Box Score,,,,
Washington Bullets,107,Atlanta Hawks,103,Box Score,OT,,,
Seattle SuperSonics,99,Los Angeles Lakers,105,Box Score,,,,
Phoenix Suns,90,Milwaukee Bucks,94,Box Score,,,,
Cleveland Cavaliers,107,New York Knicks,109,Box Score,,,,
Los Angeles Lakers,102,Seattle SuperSonics,111,Box Score,,,,
New York Knicks,90,Philadelphia 76ers,130,Box Score,,,,
Washington Bullets,103,San Antonio Spurs,114,Box Score,,,,
Milwaukee Bucks,103,Denver Nuggets,119,Box Score,,,,
New York Knicks,100,Philadelphia 76ers,119,Box Score,,,,
Seattle SuperSonics,104,Portland Trail Blazers,95,Box Score,,,,
Washington Bullets,121,San Antonio Spurs,117,Box Score,,,,
Philadelphia 76ers,137,New York Knicks,126,Box Score,,,,
Milwaukee Bucks,111,Denver Nuggets,127,Box Score,,,,
Seattle SuperSonics,93,Portland Trail Blazers,96,Box Score,,,,
San Antonio Spurs,105,Washington Bullets,118,Box Score,,,,
Philadelphia 76ers,112,New York Knicks,107,Box Score,,,,
San Antonio Spurs,95,Washington Bullets,98,Box Score,,,,
Portland Trail Blazers,84,Seattle SuperSonics,99,Box Score,,,,
Denver Nuggets,112,Milwaukee Bucks,143,Box Score,,,,
Denver Nuggets,118,Milwaukee Bucks,104,Box Score,,,,
Washington Bullets,105,San Antonio Spurs,116,Box Score,,,,
Portland Trail Blazers,98,Seattle SuperSonics,100,Box Score,,,,
Milwaukee Bucks,117,Denver Nuggets,112,Box Score,,,,
San Antonio Spurs,100,Washington Bullets,103,Box Score,,,,
Denver Nuggets,91,Milwaukee Bucks,119,Box Score,,,,
Washington Bullets,122,Philadelphia 76ers,117,Box Score,OT,,,
Seattle SuperSonics,89,Portland Trail Blazers,113,Box Score,,,,
0,1,2,3,4,5,6,7,8
,,,,,,,,
Portland Trail Blazers,94,Seattle SuperSonics,105,Box Score,,,,
Milwaukee Bucks,110,Denver Nuggets,116,Box Score,,,,
Washington Bullets,104,Philadelphia 76ers,110,Box Score,,,,
Seattle SuperSonics,107,Denver Nuggets,116,Box Score,,,,
Philadelphia 76ers,108,Washington Bullets,123,Box Score,,,,
Seattle SuperSonics,121,Denver Nuggets,111,Box Score,,,,
Philadelphia 76ers,105,Washington Bullets,121,Box Score,,,,
Denver Nuggets,91,Seattle SuperSonics,105,Box Score,,,,
Washington Bullets,94,Philadelphia 76ers,107,Box Score,,,,
Denver Nuggets,94,Seattle SuperSonics,100,Box Score,,,,
Philadelphia 76ers,99,Washington Bullets,101,Box Score,,,,
Seattle SuperSonics,114,Denver Nuggets,123,Box Score,,,,
Denver Nuggets,108,Seattle SuperSonics,123,Box Score,,,,
Washington Bullets,102,Seattle SuperSonics,106,Box Score,,"14,098",,
Seattle SuperSonics,98,Washington Bullets,106,Box Score,,"19,035",,
Seattle SuperSonics,93,Washington Bullets,92,Box Score,,"19,035",,
Washington Bullets,120,Seattle SuperSonics,116,Box Score,OT,"39,457",Seattle Kingdome,at Kingdome
0,1,2,3,4,5,6,7,8
,,,,,,,,
Washington Bullets,94,Seattle SuperSonics,98,Box Score,,"14,098",,
Seattle SuperSonics,82,Washington Bullets,117,Box Score,,"19,035",,
Washington Bullets,105,Seattle SuperSonics,99,Box Score,,"14,098",,
